month_date_yyyymm,country,median_listing_price,median_listing_price_mm,median_listing_price_yy,active_listing_count,active_listing_count_mm,active_listing_count_yy,median_days_on_market,median_days_on_market_mm,median_days_on_market_yy,new_listing_count,new_listing_count_mm,new_listing_count_yy,price_increased_count,price_increased_count_mm,price_increased_count_yy,price_reduced_count,price_reduced_count_mm,price_reduced_count_yy,pending_listing_count,pending_listing_count_mm,pending_listing_count_yy,median_listing_price_per_square_foot,median_listing_price_per_square_foot_mm,median_listing_price_per_square_foot_yy,median_square_feet,median_square_feet_mm,median_square_feet_yy,average_listing_price,average_listing_price_mm,average_listing_price_yy,total_listing_count,total_listing_count_mm,total_listing_count_yy,pending_ratio,pending_ratio_mm,pending_ratio_yy,quality_flag
202310,United States,425000,-0.0105,0,737480,0.0508,-0.0197,50,0.0313,-0.01,348564,-0.0262,-0.0323,14790,-0.1196,0.0696,276950,0.0513,-0.1577,382410,-0.0651,-0.0756,221,-0.002,0.0129,1876,-0.0092,0.0003,745847,-0.0043,0.0626,1116966,0.0089,-0.0372,0.5185,-0.0643,-0.0313,0
202309,United States,429500,-0.0137,0.0041,701816,0.0488,-0.04,48,0.0435,0.0213,357956,-0.0752,-0.091,16800,-0.133,0.0609,263444,0.0954,-0.1747,409046,-0.0536,-0.1222,222,-0.0038,0.0057,1893,-0.0071,0.0107,749071,-0.0148,0.0673,1107118,0.0071,-0.0715,0.5828,-0.0631,-0.0545,0
202308,United States,435450,-0.0103,0.0067,669173,0.0348,-0.0787,46,0.0222,0.122,387076,0.0349,-0.0749,19378,0.0475,0.0646,240492,0.0536,-0.2348,432228,-0.0174,-0.1151,223,-0.0069,0.0007,1907,-0.0044,0.0157,760362,-0.0199,0.0712,1099344,0.0155,-0.0924,0.6459,-0.0343,-0.0266,0
202307,United States,440000,-0.0112,-0.0088,646698,0.0536,-0.0644,45,0.0345,0.3235,374028,-0.0557,-0.2076,18500,-0.1038,-0.0328,228256,0.1052,-0.2953,439889,-0.0303,-0.1262,224,-0.004,-0.0086,1915,-0.0013,0.0186,775776,-0.0145,0.0678,1082512,0.0181,-0.091,0.6802,-0.0589,-0.0481,0
202306,United States,445000,0.0081,-0.0089,613791,0.0546,0.0707,44,0.0116,0.4262,396082,-0.0264,-0.2573,20642,-0.0082,-0.1188,206532,0.1293,-0.1586,453648,-0.0144,-0.1667,225,0.0012,-0.01,1918,0.0079,0.0218,787218,-0.0058,0.0463,1063278,0.0242,-0.0464,0.7391,-0.0517,-0.2106,0
202305,United States,441445,0.0266,0.0091,582032,0.0338,0.2149,43,-0.0652,0.4576,406822,0.0566,-0.2268,20812,-0.0074,-0.2401,182888,0.0965,0.1299,460276,0.0674,-0.1814,225,0.0131,-0.0033,1903,0.0087,0.027,791837,0.0184,0.0318,1038168,0.048,-0.0023,0.7908,0.0249,-0.3828,0
202304,United States,430000,0.0143,0.025,563025,0.0018,0.4832,46,-0.1068,0.5333,385036,0.125,-0.223,20968,0.0762,-0.3125,166800,0.0074,0.7988,431231,0.0879,-0.2253,222,0.0104,0.0118,1886,0.011,0.0408,777513,0.0223,0.017,990597,0.0378,0.0625,0.7659,0.0607,-0.7005,0
202303,United States,423950,0.024,0.0613,562041,-0.0287,0.5893,52,-0.2016,0.5373,342244,0.1226,-0.2132,19484,0.0546,-0.4718,165574,0.0026,1.1972,396373,0.0714,-0.2416,220,0.0133,0.0318,1866,0.0078,0.0396,760527,0.0307,0.0028,954559,0.0103,0.0933,0.7052,0.0659,-0.7727,0
202302,United States,414014,0.0265,0.0768,578627,-0.0612,0.6716,65,-0.1042,0.5926,304854,0.0621,-0.1724,18476,0.1996,-0.4825,165144,-0.1365,1.5433,369944,0.2273,-0.2468,217,0.0138,0.0568,1851,0.0008,0.0396,737897,0.0407,-0.006,944863,0.0331,0.1323,0.6393,0.1503,-0.7796,0
202301,United States,403333,-0.0041,0.0904,616317,-0.0942,0.6366,72,0.1077,0.2203,287032,0.3298,-0.1134,15402,0.2604,-0.5575,191252,0.1185,1.7416,301433,-0.0582,-0.3212,214,0.0033,0.0828,1850,-0.0019,0.0414,709038,0.0171,0.0092,914603,-0.0829,0.1224,0.4891,0.0187,-0.6901,0
202212,United States,405000,-0.0264,0.0981,680436,-0.0924,0.5296,65,0.1927,0.2264,215844,-0.2681,-0.2455,12220,-0.0562,-0.5575,170992,-0.3995,0.9072,320069,-0.1303,-0.369,213,-0.0103,0.0898,1853,-0.007,0.0366,697097,-0.0021,0.0294,997242,-0.105,0.0517,0.4704,-0.0205,-0.6699,0
202211,United States,416000,-0.0212,0.1123,749745,-0.0034,0.4651,55,0.09,0.1848,294908,-0.1812,-0.2139,12948,-0.0636,-0.5236,284758,-0.1339,1.0867,368035,-0.1104,-0.3573,215,-0.0147,0.0944,1866,-0.0048,0.0372,698588,-0.0047,0.0339,1114276,-0.0395,0.0295,0.4909,-0.059,-0.6281,0
202210,United States,425000,-0.0064,0.1333,752314,0.029,0.331,50,0.0638,0.1628,360188,-0.0853,-0.1627,13828,-0.1268,-0.4756,328784,0.03,0.9032,413685,-0.1122,-0.3006,218,-0.0091,0.1096,1875,0.0011,0.0382,701896,0.0001,0.0452,1160097,-0.0271,0.004,0.5499,-0.0875,-0.4965,0
202209,United States,427750,-0.0111,0.1407,731085,0.0065,0.2658,47,0.1463,0.175,393798,-0.0588,-0.1384,15836,-0.13,-0.3897,319204,0.0157,0.7491,465979,-0.046,-0.2383,220,-0.0088,0.1205,1873,-0.0021,0.0328,701812,-0.0113,0.054,1192401,-0.0156,0.0059,0.6374,-0.0351,-0.4219,0
202208,United States,432563,-0.0255,0.1535,726353,0.0508,0.2652,41,0.2059,0.1233,418394,-0.1136,-0.1518,18202,-0.0484,-0.3544,314274,-0.0298,0.7103,488466,-0.0297,-0.2241,222,-0.016,0.1367,1877,-0.0016,0.0305,709839,-0.0229,0.0597,1211266,0.0172,0.0093,0.6725,-0.0558,-0.4241,0
202207,United States,443900,-0.0114,0.1712,691216,0.2058,0.2656,34,0.1148,-0.0286,471992,-0.115,-0.0932,19128,-0.1834,-0.366,323920,0.3196,0.9245,503397,-0.0754,-0.2078,226,-0.0055,0.1506,1880,0.0019,0.0284,726510,-0.0344,0.0588,1190830,0.068,0.0106,0.7283,-0.2215,-0.4352,0
202206,United States,449000,0.0264,0.1819,573244,0.1966,0.1654,31,0.0339,-0.0758,533322,0.0136,-0.0227,23424,-0.1447,-0.3782,245460,0.5165,0.9734,544428,-0.0317,-0.1746,227,0.008,0.1532,1877,0.013,0.0274,752390,-0.0196,0.0555,1114982,0.0715,-0.0307,0.9497,-0.2239,-0.3912,0
202205,United States,437450,0.0428,0.1634,479069,0.262,0.0715,30,-0.0167,-0.1571,526180,0.0618,0.0327,27388,-0.102,-0.3768,161862,0.7456,0.6914,562254,0.0101,-0.1423,225,0.0284,0.1505,1853,0.0224,0.0156,767465,0.0039,0.0612,1040569,0.1161,-0.0534,1.1736,-0.2928,-0.2926,0
202204,United States,419500,0.0502,0.1355,379601,0.0734,-0.1274,30,-0.1045,-0.1892,495536,0.1392,0.0078,30500,-0.1731,-0.3277,92728,0.2305,0.1136,556650,0.065,-0.1032,219,0.0304,0.1402,1812,0.0098,0.0017,764512,0.008,0.0584,932331,0.0679,-0.1154,1.4664,-0.0115,0.0397,0
202203,United States,399450,0.0389,0.134,353651,0.0217,-0.1961,34,-0.1728,-0.2472,434990,0.1809,-0.0423,36886,0.0331,-0.2127,75358,0.1606,-0.0856,522674,0.0642,-0.0926,213,0.0379,0.1429,1795,0.0079,-0.0031,758412,0.0217,0.0773,873081,0.0463,-0.1379,1.4779,0.059,0.1686,0
202202,United States,384500,0.0395,0.1196,346141,-0.0809,-0.2543,41,-0.3136,-0.2703,368346,0.1378,-0.031,35704,0.0259,-0.2414,64932,-0.0692,-0.1759,491140,0.106,-0.0869,205,0.0387,0.1335,1781,0.0025,-0.0092,742317,0.0566,0.0808,834485,0.0241,-0.164,1.4189,0.2397,0.2602,0
202201,United States,369900,0.0029,0.1042,376591,-0.1535,-0.2909,59,0.1132,-0.1061,323744,0.1317,-0.1069,34804,0.2604,-0.2636,69760,-0.2219,-0.2963,444072,-0.1246,-0.0575,197,0.0098,0.129,1776,-0.0064,-0.0155,702540,0.0375,0.0692,814855,-0.1406,-0.1875,1.1792,0.0389,0.292,0
202112,United States,368820,-0.0139,0.0977,444855,-0.1307,-0.2726,53,0.1522,-0.1382,286070,-0.2375,-0.0759,27614,0.016,-0.1689,89654,-0.343,-0.2106,507257,-0.1141,-0.047,195,-0.0062,0.1264,1788,-0.0064,-0.0219,677171,0.0022,0.0538,948208,-0.1239,-0.1684,1.1403,0.0213,0.2699,0
202111,United States,374000,-0.0027,0.0937,511739,-0.0946,-0.251,46,0.0698,-0.1481,375150,-0.1279,-0.0372,27178,0.0307,-0.1858,136462,-0.2101,-0.1886,572618,-0.0318,-0.0559,197,-0.0011,0.1321,1799,-0.0039,-0.0294,675712,0.0062,0.0554,1082306,-0.0633,-0.1581,1.119,0.0725,0.2313,0
202110,United States,375000,0,0.0745,565205,-0.0214,-0.2294,43,0.075,-0.1569,430184,-0.0588,-0.057,26368,0.0162,-0.3486,172752,-0.0534,-0.1136,591444,-0.0333,-0.0807,197,0.0007,0.1345,1806,-0.0041,-0.0414,671567,0.0086,0.0477,1155489,-0.0253,-0.1579,1.0464,-0.0128,0.1693,0
202109,United States,375000,0,0.0745,577566,0.006,-0.2287,40,0.0959,-0.2,457058,-0.0734,-0.0562,25948,-0.0797,-0.4097,182500,-0.0068,-0.0735,611796,-0.0282,-0.026,197,0.0055,0.148,1814,-0.0044,-0.0498,665834,-0.006,0.051,1185453,-0.0122,-0.1346,1.0593,-0.0373,0.2204,0
202108,United States,375000,-0.0106,0.0745,574109,0.0512,-0.263,37,0.0429,-0.2843,493272,-0.0523,-0.0011,28196,-0.0655,-0.3992,183754,0.0917,-0.099,629551,-0.0092,0.0023,196,-0.004,0.1632,1822,-0.0036,-0.062,669834,-0.0238,0.0786,1200139,0.0185,-0.1422,1.0966,-0.0669,0.2903,0
202107,United States,379000,-0.0024,0.0986,546151,0.1103,-0.3357,35,0.0606,-0.3333,520516,-0.0462,0.0292,30172,-0.199,-0.1917,168312,0.3531,-0.2202,635419,-0.0366,0.0389,196,-0.0033,0.1867,1828,0.0008,-0.0688,686162,-0.0375,0.1405,1178362,0.0244,-0.1747,1.1634,-0.1775,0.4196,0
202106,United States,379900,0.0104,0.1192,491880,0.1002,-0.4352,33,-0.0571,-0.4634,545734,0.0711,0.0999,37670,-0.1429,0.0905,124386,0.2998,-0.4384,659593,0.0062,0.142,197,0.0057,0.2083,1827,0.0014,-0.0724,712860,-0.0143,0.2219,1150347,0.0465,-0.203,1.341,-0.1253,0.6778,0
202105,United States,376000,0.0177,0.1429,447088,0.0277,-0.5181,35,-0.0541,-0.4853,509500,0.0362,0.1311,43948,-0.0313,0.6164,95696,0.1493,-0.5203,655553,0.0562,0.4206,196,0.0192,0.231,1824,0.0083,-0.067,723189,0.0012,0.301,1099264,0.043,-0.2062,1.4663,0.0395,0.9689,0
202104,United States,369450,0.0488,0.1572,435045,-0.0111,-0.5378,37,-0.1685,-0.3833,491680,0.0826,0.41,45368,-0.0317,1.2092,83266,0.0104,-0.4812,620690,0.0776,0.5269,192,0.0329,0.2363,1809,0.005,-0.0656,722308,0.026,0.3361,1053963,0.0407,-0.2147,1.4267,0.1174,0.9948,0
202103,United States,352250,0.0257,0.1042,439922,-0.0523,-0.5304,45,-0.1982,-0.2124,454186,0.1949,-0.0527,46854,-0.0045,0.647,82412,0.0459,-0.6141,576005,0.0708,0.2581,186,0.0293,0.2025,1800,0.0017,-0.0722,704017,0.0251,0.2747,1012741,0.0146,-0.2714,1.3093,0.1506,0.8206,0
202102,United States,343430,0.0252,0.126,464214,-0.1259,-0.4997,56,-0.1591,-0.2397,380112,0.0486,-0.0805,47066,-0.0041,0.4714,78792,-0.2052,-0.6176,537908,0.1417,0.3205,181,0.0346,0.1949,1797,-0.0039,-0.0641,686807,0.0453,0.2639,998139,-0.0047,-0.2501,1.1588,0.2716,0.7197,0
202101,United States,335000,-0.003,0.1195,531073,-0.1316,-0.4417,66,0.0732,-0.1902,362492,0.1709,-0.0441,47260,0.4224,0.7442,99140,-0.127,-0.5243,471161,-0.1148,0.4708,175,0.0075,0.176,1804,-0.0129,-0.0562,657059,0.0225,0.2525,1002878,-0.1204,-0.2103,0.8872,0.0168,0.5504,0
202012,United States,336000,-0.0174,0.1204,611546,-0.1049,-0.4082,62,0.1389,-0.2013,309580,-0.2055,0.1595,33226,-0.0046,0.5172,113568,-0.3247,-0.3398,532265,-0.1224,0.5447,174,-0.0012,0.1676,1828,-0.014,-0.0484,642606,0.0037,0.2282,1140167,-0.1131,-0.1704,0.8704,-0.0173,0.5369,0
202011,United States,341950,-0.0202,0.1212,683245,-0.0685,-0.4022,54,0.0588,-0.194,389636,-0.1459,0.0563,33380,-0.1753,0.5148,168184,-0.137,-0.4209,606491,-0.0573,0.5387,174,0.0011,0.1605,1854,-0.0162,-0.0456,640231,-0.0012,0.2241,1285560,-0.0631,-0.1642,0.8877,0.0105,0.5428,0
202010,United States,349000,0,0.1262,733489,-0.0205,-0.3928,51,0.02,-0.2031,456192,-0.058,0.0691,40476,-0.0791,0.9089,194892,-0.0106,-0.4537,643379,0.0242,0.5868,174,0.0126,0.1557,1884,-0.0128,-0.0368,640991,0.0118,0.2262,1372185,0.0017,-0.1471,0.8771,0.0383,0.5415,0
202009,United States,349000,0,0.117,748818,-0.0387,-0.3885,50,-0.0196,-0.1906,484288,-0.0193,0.069,43954,-0.0634,1.0203,196980,-0.0341,-0.4599,628154,0.0001,0.5092,171,0.0188,0.1391,1909,-0.0173,-0.0293,633517,0.0201,0.2109,1369854,-0.0209,-0.1628,0.8389,0.0326,0.499,0
202008,United States,349000,0.0116,0.1054,778993,-0.0526,-0.3692,51,-0.0286,-0.1343,493796,-0.0236,0.0296,46928,0.2572,1.0779,203944,-0.0551,-0.4576,628108,0.027,0.4619,168,0.0161,0.1147,1942,-0.0107,-0.0188,621044,0.0323,0.181,1399164,-0.02,-0.157,0.8063,0.0625,0.4584,0
202007,United States,345000,0.0163,0.08,822207,-0.056,-0.3366,53,-0.1463,-0.0789,505736,0.0192,-0.0147,37328,0.0806,0.583,215846,-0.0254,-0.4432,611600,0.0589,0.3864,166,0.0149,0.0911,1963,-0.003,-0.0133,601610,0.0312,0.1321,1427751,-0.0108,-0.1475,0.7439,0.0807,0.3879,0
202006,United States,339450,0.0318,0.0608,870940,-0.0613,-0.2857,62,-0.0956,0.1604,496186,0.1015,-0.1084,34544,0.2706,0.3851,221480,0.1102,-0.4181,577599,0.2517,0.2673,163,0.0246,0.0694,1969,0.0072,-0.0135,583421,0.0496,0.0902,1443327,0.0423,-0.1368,0.6632,0.1658,0.2894,0
202005,United States,329000,0.0305,0.0283,927807,-0.0142,-0.214,68,0.1333,0.3204,450464,0.2918,-0.2289,27188,0.3239,-0.0088,199488,0.2429,-0.4073,461461,0.1352,0.0164,159,0.0235,0.042,1955,0.0098,-0.0154,555876,0.0283,0.0353,1384781,0.0318,-0.1502,0.4974,0.0654,0.1127,0
202004,United States,319250,0.0008,0.0137,941187,0.0047,-0.172,60,0.0619,0.1215,348702,-0.2727,-0.3684,20536,-0.2781,-0.2277,160498,-0.2485,-0.4756,406515,-0.1121,-0.063,156,0.0047,0.0271,1936,-0.0021,-0.0168,540594,-0.0212,0.0151,1342160,-0.0344,-0.1418,0.4319,-0.0568,0.0502,0
202003,United States,319000,0.0459,0.0431,936768,0.0097,-0.1602,57,-0.226,-0.1289,479448,0.1598,0.0036,28448,-0.1107,-0.0886,213582,0.0367,-0.2754,457825,0.1239,0.1979,155,0.0228,0.0383,1940,0.0104,0.0013,552281,0.0163,0.0609,1389960,0.0443,-0.0689,0.4887,0.0497,0.1461,0
202002,United States,305000,0.0192,0.0306,927811,-0.0246,-0.1583,73,-0.1043,-0.0201,413400,0.0901,0.0087,31988,0.1805,-0.091,206024,-0.0115,-0.2786,407347,0.2716,0.2553,151,0.0182,0.0328,1920,0.0044,0.006,543405,0.0358,0.07,1331050,0.0481,-0.0659,0.439,0.1023,0.1446,0
202001,United States,299250,-0.0022,0.0339,951225,-0.0796,-0.1432,82,0.0584,0.0062,379234,0.4204,-0.0493,27096,0.2373,-0.1319,208424,0.2116,-0.262,320336,-0.0703,0.1999,149,0.0004,0.0302,1912,-0.0047,0.0058,524608,0.0027,0.0613,1270014,-0.0759,-0.0756,0.3368,0.0033,0.0963,0
201912,United States,299900,-0.0167,0.0345,1033452,-0.0958,-0.1282,77,0.1493,0.0267,266994,-0.2762,-0.1107,21900,-0.0062,-0.3488,172020,-0.4077,-0.3455,344575,-0.1258,0.1797,149,-0.0073,0.0332,1921,-0.0111,0.005,523218,0.0003,0.0608,1374313,-0.1065,-0.0676,0.3334,-0.0114,0.087,0
201911,United States,304990,-0.0158,0.0339,1142966,-0.0538,-0.1018,67,0.0469,0.0152,368876,-0.1356,-0.0561,22036,0.0392,-0.3763,290424,-0.186,-0.2361,394154,-0.0279,0.2031,150,-0.003,0.0377,1942,-0.0072,0.0065,523036,0.0006,0.0544,1538064,-0.044,-0.0375,0.3449,0.0092,0.0874,0
201910,United States,309900,-0.0081,0.0499,1208001,-0.0136,-0.0738,64,0.0361,0,426724,-0.0581,-0.0245,21204,-0.0254,-0.4759,356776,-0.0217,-0.211,405460,-0.0258,0.173,150,-0.002,0.0417,1956,-0.0052,0.0064,522745,-0.0008,0.0565,1608932,-0.0167,-0.0229,0.3356,-0.0042,0.0706,0
201909,United States,312445,-0.0104,0.0506,1224596,-0.0084,-0.059,62,0.0486,0.0296,453048,-0.0553,-0.0295,21756,-0.0367,-0.5424,364680,-0.0301,-0.2042,416207,-0.0313,0.1231,150,-0.003,0.0465,1966,-0.0066,0.0062,523171,-0.0051,0.0593,1636182,-0.0142,-0.0143,0.3399,-0.008,0.0551,0
201908,United States,315718,-0.0117,0.0577,1235018,-0.0035,-0.039,59,0.0335,0.0245,479588,-0.0657,-0.0263,22584,-0.0422,-0.5655,375988,-0.03,-0.1793,429653,-0.026,0.1044,151,-0.0054,0.0546,1979,-0.0051,0.0047,525855,-0.0104,0.0639,1659800,-0.0089,-0.0067,0.3479,-0.0081,0.0452,0
201907,United States,319450,-0.0017,0.0668,1239298,0.0164,-0.0175,57,0.0755,0.0364,513294,-0.0777,-0.02,23580,-0.0545,-0.575,387628,0.0183,-0.1483,441130,-0.0322,0.095,152,-0.0054,0.057,1990,-0.0033,0.0025,531393,-0.0071,0.0551,1674757,0.0017,0.0089,0.356,-0.0179,0.0366,0
201906,United States,320000,0.0002,0.067,1219250,0.033,0.0027,53,0.0291,0.0392,556512,-0.0474,0.0184,24940,-0.0908,-0.5913,380644,0.1309,-0.0881,455786,0.0039,0.0597,153,-0.0017,0.061,1996,0.0053,0.0025,535171,-0.0033,0.0487,1671981,0.026,0.0159,0.3738,-0.0108,0.0201,0
201905,United States,319950,0.0159,0.0685,1180347,0.0385,0.0206,52,-0.0374,0.0098,584186,0.0581,0.0082,27430,0.0316,-0.5277,336580,0.0997,-0.1084,454030,0.0465,0.0226,153,0.009,0.063,1986,0.0084,0.003,536924,0.0083,0.0493,1629622,0.0421,0.0207,0.3847,0.003,0.0007,0
201904,United States,314950,0.0299,0.0678,1136639,0.019,0.0318,54,-0.1751,0,552106,0.1557,-0.0004,26590,-0.1481,-0.5261,306072,0.0384,-0.0613,433861,0.1352,0.0376,151,0.0156,0.0664,1969,0.0162,0.0025,532529,0.0229,0.0478,1563853,0.0476,0.0317,0.3817,0.0391,0.0021,0
201903,United States,305814,0.0333,0.073,1115464,0.012,0.0455,65,-0.1294,0.1182,477732,0.1657,-0.0497,31212,-0.113,-0.3619,294760,0.0322,0.037,382188,0.1778,0.0562,149,0.0173,0.0711,1938,0.0152,-0.0018,520592,0.025,0.0432,1492804,0.0476,0.0452,0.3426,0.0482,0.0034,0
201902,United States,295950,0.0225,0.0755,1102257,-0.0072,0.055,75,-0.0802,-0.0132,409824,0.0274,-0.0547,35190,0.1274,-0.1244,285572,0.0112,0.1333,324500,0.2155,0.0445,147,0.0157,0.0764,1909,0.0042,-0.0042,507878,0.0274,0.0403,1424984,0.0372,0.0536,0.2944,0.0539,-0.003,0
201901,United States,289450,-0.0016,0.0732,1110220,-0.0634,0.0639,81,0.08,-0.0241,398910,0.3287,0.0455,31214,-0.0719,-0.1589,282412,0.0746,0.2035,266959,-0.086,0.0364,144,0.0033,0.0786,1901,-0.0055,-0.0037,494323,0.0022,0.0374,1373872,-0.0679,0.0565,0.2405,-0.0059,-0.0064,0
201812,United States,289900,-0.0173,0.0741,1185402,-0.0685,0.0514,75,0.1364,-0.0385,300216,-0.2318,0.0426,33632,-0.0481,-0.0816,262812,-0.3087,0.1749,292076,-0.1084,0.0182,144,-0.003,0.0809,1911,-0.0096,-0.0026,493225,-0.0057,0.0426,1473887,-0.0777,0.0444,0.2464,-0.011,-0.008,0
201811,United States,295000,-0.0006,0.0758,1272566,-0.0243,0.0365,66,0.0313,-0.0704,390794,-0.1067,0.0173,35332,-0.1267,-0.1237,380174,-0.1592,0.1589,327604,-0.0522,0.0113,144,0.0009,0.0814,1930,-0.0072,-0.0054,496062,0.0026,0.0487,1598050,-0.0295,0.032,0.2574,-0.0076,-0.0064,0
201810,United States,295168,-0.0075,0.0733,1304194,0.0021,0.0136,64,0.0667,-0.0519,437460,-0.0629,0.0218,40458,-0.149,-0.0906,452164,-0.0132,0.1885,345664,-0.0673,-0.0175,144,0.0025,0.0782,1944,-0.0054,-0.0036,494772,0.0018,0.0443,1646583,-0.008,0.006,0.265,-0.0197,-0.0084,0
201809,United States,297400,-0.0037,0.0815,1301421,0.0127,-0.005,60,0.0435,-0.0625,466824,-0.0522,0.0629,47544,-0.0853,0.0911,458232,0.0003,0.185,370597,-0.0474,0.0031,144,0.0048,0.0783,1954,-0.0081,-0.0031,493879,-0.0008,0.046,1659906,-0.0066,-0.0072,0.2848,-0.018,0.0023,0
201808,United States,298500,-0.0032,0.0855,1285156,0.0188,-0.0298,58,0.0455,-0.0496,492540,-0.0596,-0.015,51978,-0.0632,0.055,458104,0.0066,0.0893,389038,-0.0343,-0.0073,143,-0.0032,0.0745,1970,-0.0073,0.0015,494268,-0.0186,0.0489,1670920,0.0065,-0.0227,0.3027,-0.0167,0.0069,0
201807,United States,299450,-0.0015,0.0733,1261433,0.0373,-0.0458,55,0.0784,-0.0678,523772,-0.0415,-0.0182,55484,-0.0907,0.0485,455104,0.0903,0.0428,402872,-0.0633,-0.0295,144,-0.0016,0.0729,1985,-0.0033,0.0048,503632,-0.0131,0.0553,1660053,0.0087,-0.0408,0.3194,-0.0343,0.0054,0
201806,United States,299900,0.0015,0.0749,1216021,0.0515,-0.0585,51,0,-0.0811,546440,-0.0569,0.0137,61020,0.0507,0.1378,417428,0.1058,0.028,430111,-0.0313,-0.0146,144,0.0001,0.0735,1991,0.0058,0.0073,510335,-0.0027,0.0578,1645735,0.0308,-0.0461,0.3537,-0.0302,0.0158,0
201805,United States,299448,0.0153,0.0811,1156470,0.0498,-0.0771,51,-0.0467,-0.0642,579434,0.0491,0.0232,58074,0.035,0.0897,377500,0.1578,0.0116,443987,0.0618,-0.0115,144,0.0122,0.0764,1980,0.0079,0.0061,511703,0.0069,0.0569,1596561,0.0532,-0.0595,0.3839,0.0043,0.0255,0
201804,United States,294950,0.0349,0.0924,1101640,0.0326,-0.0801,54,-0.0776,-0.0776,552328,0.0987,-0.0051,56108,0.1471,0.0995,326046,0.147,-0.016,418156,0.1556,-0.0096,142,0.0201,0.0766,1964,0.0118,0.0087,508213,0.0184,0.0622,1515863,0.0614,-0.0616,0.3796,0.0404,0.027,0
201803,United States,285000,0.0357,0.0794,1066876,0.0212,-0.0895,58,-0.2318,-0.0569,502704,0.1596,-0.0118,48912,0.2171,0.0964,284248,0.128,-0.0521,361860,0.1648,-0.0275,139,0.0224,0.0701,1941,0.0128,0.0115,499021,0.0222,0.0613,1428228,0.056,-0.0725,0.3392,0.0418,0.0216,0
201802,United States,275175,0.0203,0.0791,1044759,0.0012,-0.0918,76,-0.0904,-0.0736,433522,0.1362,-0.0094,40188,0.0829,0.0825,251992,0.0739,-0.0616,310671,0.2061,-0.0276,136,0.0177,0.0644,1917,0.0047,0.0103,488183,0.0245,0.0628,1352511,0.0401,-0.0761,0.2974,0.0505,0.0196,0
201801,United States,269700,-0.0007,0.0792,1043551,-0.0744,-0.0952,83,0.0641,-0.0568,381558,0.3251,-0.0141,37110,0.0134,0.1624,234662,0.049,-0.0431,257580,-0.1021,-0.0387,134,0.0055,0.06,1908,-0.0044,0.0122,476524,0.0073,0.0648,1300354,-0.0786,-0.0839,0.2468,-0.0076,0.0145,0
201712,United States,269900,-0.0157,0.08,1127436,-0.0817,-0.0873,78,0.0986,-0.0602,287948,-0.2504,0.0231,36620,-0.0917,0.0856,223692,-0.3181,-0.0043,286857,-0.1145,-0.0217,133,-0.0026,0.0594,1916,-0.0124,0.0127,473069,0.0001,0.0651,1411239,-0.0886,-0.0748,0.2544,-0.0094,0.0171,0
201711,United States,274213,-0.0029,0.0847,1227700,-0.0459,-0.0831,71,0.0519,-0.0405,384146,-0.1027,0.0201,40318,-0.0937,0.1955,328048,-0.1377,0.0273,323949,-0.0792,-0.0237,133,-0.0021,0.0547,1940,-0.0054,0.0189,473005,-0.0016,0.064,1548429,-0.054,-0.0712,0.2639,-0.0096,0.0161,0
201710,United States,275000,0,0.0784,1286713,-0.0162,-0.0855,68,0.0547,-0.0625,428122,-0.0252,0.0359,44488,0.0209,0.2315,380434,-0.0162,0.0398,351811,-0.0477,-0.0038,134,0.0026,0.0546,1951,-0.0048,0.0191,473767,0.0034,0.0687,1636782,-0.021,-0.0684,0.2734,-0.009,0.0224,0
201709,United States,275000,0,0.0784,1307960,-0.0126,-0.0933,64,0.0579,-0.0922,439188,-0.1217,-0.0302,43576,-0.1155,0.1706,386688,-0.0805,-0.049,369437,-0.0573,-0.0003,133,0.0013,0.0521,1960,-0.0036,0.0208,472171,0.002,0.0757,1671923,-0.0221,-0.0749,0.2825,-0.0134,0.0263,0
201708,United States,275000,-0.0143,0.0781,1324680,0.0021,-0.0923,61,0.0254,-0.0902,500032,-0.0627,0.0622,49266,-0.069,0.2169,420552,-0.0364,0.029,391895,-0.0559,-0.0024,133,-0.0046,0.0523,1967,-0.0041,0.0239,471233,-0.0126,0.0734,1709732,-0.0121,-0.0748,0.2958,-0.0182,0.0267,0
201707,United States,279000,0,0.0774,1321957,0.0235,-0.096,59,0.0631,-0.0781,533468,-0.0104,0.0113,52916,-0.0133,0.201,436440,0.0748,0.0419,415112,-0.0489,-0.0005,134,-0.0011,0.0548,1975,-0.0008,0.0249,477231,-0.0108,0.0782,1730736,0.0032,-0.0757,0.314,-0.0239,0.03,0
201706,United States,279000,,,1291592,,,56,,,539062,,,53628,,,406070,,,436474,,,134,,,1977,,,482454,,,1725212,,,0.3379,,,
201705,United States,276975,,,1253065,,,55,,,566296,,,53292,,,373186,,,449155,,,134,,,1968,,,484162,,,1697586,,,0.3584,,,
201704,United States,270000,,,1197537,,,58,,,555184,,,51032,,,331356,,,422201,,,132,,,1947,,,478438,,,1615355,,,0.3526,,,
201703,United States,264025,,,1171789,,,62,,,508710,,,44610,,,299874,,,372081,,,130,,,1919,,,470209,,,1539819,,,0.3175,,,
201702,United States,255000,,,1150315,,,82,,,437620,,,37124,,,268532,,,319484,,,128,,,1897,,,459322,,,1463842,,,0.2777,,,
201701,United States,249900,,,1153332,,,88,,,387032,,,31926,,,245244,,,267961,,,126,,,1885,,,447529,,,1419443,,,0.2323,,,
201612,United States,249900,,,1235252,,,83,,,281444,,,33732,,,224656,,,293225,,,126,,,1892,,,444142,,,1525349,,,0.2374,,,
201611,United States,252800,,,1339004,,,74,,,376588,,,33726,,,319338,,,331812,,,126,,,1904,,,444563,,,1667088,,,0.2478,,,
201610,United States,255000,,,1407001,,,72,,,413292,,,36124,,,365864,,,353164,,,127,,,1914,,,443314,,,1756920,,,0.251,,,
201609,United States,255000,,,1442492,,,71,,,452886,,,37226,,,406608,,,369548,,,127,,,1920,,,438951,,,1807224,,,0.2562,,,
201608,United States,255088,,,1459457,,,67,,,470732,,,40484,,,408698,,,392819,,,127,,,1921,,,439004,,,1847860,,,0.2692,,,
201607,United States,258950,,,1462355,,,64,,,527500,,,44060,,,418900,,,415320,,,127,,,1927,,,442603,,,1872566,,,0.284,,,
quality_flag = 1:  year-over-year figures may be impacted, please contact economics@realtor.com for more details.,,,,,,,,,,,,,,,,,,,,,,,,,,,,,,,,,,,,,
